1|https://cdn.thecrazytourist.com/wp-content/uploads/2018/02/ccimage-shutterstock_741397042.jpg|2
2|http://cdn.shopify.com/s/files/1/0526/4352/8887/products/DSGSRB0030-SrbijaNis_1200x1200.jpg?v=1619002532|2
3|https://www.chasingthedonkey.com/wp-content/uploads/2019/10/Nis-Serbia_Fortress-at-night_Depositphotos_166002184_l-2015.jpg|3
4|https://upload.wikimedia.org/wikipedia/commons/c/c1/Serbia-0268_-_Name_of_Mary_Parish_Church_%287344449164%29.jpg|2
5|https://novisad.travel/wp-content/uploads/2021/11/Maj_Petrovaradinska_Tvrdjava_Novi_Sad-min.jpg|2
6|https://www.vandraj.si/wp-content/uploads/2016/11/novi_sad_shutterstock_31765054.jpg|3
7|https://upload.wikimedia.org/wikipedia/commons/c/c1/Serbia-0268_-_Name_of_Mary_Parish_Church_%287344449164%29.jpg|2
8|https://www.vandraj.si/wp-content/uploads/2016/11/novi_sad_shutterstock_31765054.jpg|2
9|https://upload.wikimedia.org/wikipedia/commons/thumb/8/8a/%D0%A2%D1%80%D0%B5%D0%B1%D0%B8%D1%9A%D0%B5_3.jpg/413px-%D0%A2%D1%80%D0%B5%D0%B1%D0%B8%D1%9A%D0%B5_3.jpg|1
10|https://upload.wikimedia.org/wikipedia/commons/thumb/9/90/Trebinje_River.jpg/375px-Trebinje_River.jpg|3
11|https://upload.wikimedia.org/wikipedia/commons/thumb/9/90/Trebinje_River.jpg/375px-Trebinje_River.jpg|2
12|https://upload.wikimedia.org/wikipedia/commons/thumb/d/df/View_of_Trebinje_%2844107865460%29.jpg/495px-View_of_Trebinje_%2844107865460%29.jpg|2
13|https://www.riopricesaputovanja.com/v1/wp-content/uploads/2019/06/trebinje.jpg|1
14|https://bookaweb.s3.eu-central-1.amazonaws.com/media/29902/trebinje.jpg|3
